start_utc	end_utc	duration_minutes	commit_count
2026-03-03T00:36:55+00:00	2026-03-03T03:46:30+00:00	189	34
2026-03-03T14:52:39+00:00	2026-03-03T15:39:01+00:00	46	6
2026-03-03T17:30:54+00:00	2026-03-03T18:06:15+00:00	35	3
2026-03-03T19:07:09+00:00	2026-03-03T19:31:54+00:00	24	2
2026-03-03T20:17:23+00:00	2026-03-03T21:02:23+00:00	45	4
2026-03-04T00:40:18+00:00	2026-03-04T00:40:18+00:00	15	1
2026-03-04T04:28:14+00:00	2026-03-04T04:55:28+00:00	27	2
2026-03-04T12:55:47+00:00	2026-03-04T12:55:47+00:00	15	1
2026-03-05T02:03:15+00:00	2026-03-05T02:21:58+00:00	18	2
2026-03-05T03:51:59+00:00	2026-03-05T03:51:59+00:00	15	1
2026-03-05T05:17:07+00:00	2026-03-05T05:17:07+00:00	15	1
2026-03-05T13:35:47+00:00	2026-03-05T13:48:03+00:00	15	3
2026-03-05T14:39:29+00:00	2026-03-05T15:25:51+00:00	46	4
2026-03-05T21:28:52+00:00	2026-03-05T21:28:52+00:00	15	1
2026-03-06T02:02:08+00:00	2026-03-06T02:02:08+00:00	15	1
2026-03-06T15:44:53+00:00	2026-03-06T15:44:53+00:00	15	1
2026-03-07T05:18:58+00:00	2026-03-07T06:54:19+00:00	95	4
2026-03-08T02:08:39+00:00	2026-03-08T02:31:31+00:00	22	2
2026-03-08T05:44:28+00:00	2026-03-08T06:17:42+00:00	33	3
2026-03-08T18:18:07+00:00	2026-03-08T18:44:25+00:00	26	2
2026-03-09T03:11:30+00:00	2026-03-09T03:15:11+00:00	15	2
2026-03-09T04:30:33+00:00	2026-03-09T04:30:33+00:00	15	1
2026-03-09T05:56:56+00:00	2026-03-09T05:56:56+00:00	15	1
2026-03-09T14:18:23+00:00	2026-03-09T14:18:23+00:00	15	1
2026-03-09T16:58:05+00:00	2026-03-09T16:58:05+00:00	15	1
2026-03-09T19:02:02+00:00	2026-03-09T19:07:59+00:00	15	3
2026-03-09T20:21:50+00:00	2026-03-09T20:21:50+00:00	15	1
2026-03-09T21:21:07+00:00	2026-03-09T21:49:20+00:00	28	2
2026-03-10T00:19:53+00:00	2026-03-10T00:38:30+00:00	18	6
2026-03-10T01:41:54+00:00	2026-03-10T01:41:54+00:00	15	1
2026-03-10T02:34:24+00:00	2026-03-10T02:34:24+00:00	15	1
2026-03-10T03:39:58+00:00	2026-03-10T03:39:58+00:00	15	1
2026-03-10T04:31:28+00:00	2026-03-10T05:41:12+00:00	69	4
2026-03-10T06:31:50+00:00	2026-03-10T06:31:50+00:00	15	1
2026-03-10T11:18:11+00:00	2026-03-10T15:05:29+00:00	227	15
2026-03-10T16:04:03+00:00	2026-03-10T17:26:49+00:00	82	4
2026-03-10T18:17:41+00:00	2026-03-10T18:24:24+00:00	15	2
2026-03-10T21:25:42+00:00	2026-03-10T21:25:42+00:00	15	1
2026-03-11T03:23:27+00:00	2026-03-11T03:23:27+00:00	15	1
2026-03-11T14:23:03+00:00	2026-03-11T15:03:13+00:00	40	2
2026-03-11T17:23:15+00:00	2026-03-11T17:23:15+00:00	15	1
2026-03-11T18:24:30+00:00	2026-03-11T18:26:41+00:00	15	2
2026-03-11T19:35:24+00:00	2026-03-11T20:06:56+00:00	31	4
2026-03-11T20:59:57+00:00	2026-03-12T02:08:55+00:00	308	20
2026-03-12T04:15:32+00:00	2026-03-12T04:59:38+00:00	44	4
2026-03-12T13:18:28+00:00	2026-03-12T14:23:29+00:00	65	9
2026-03-12T15:26:11+00:00	2026-03-12T16:36:01+00:00	69	7
2026-03-12T17:25:56+00:00	2026-03-12T20:48:56+00:00	203	12
2026-03-12T22:00:20+00:00	2026-03-12T22:44:23+00:00	44	6
2026-03-12T23:52:46+00:00	2026-03-13T05:57:01+00:00	364	34
2026-03-13T12:23:42+00:00	2026-03-13T13:39:44+00:00	76	4
2026-03-14T03:18:23+00:00	2026-03-14T03:58:58+00:00	40	7
2026-03-14T09:13:06+00:00	2026-03-14T09:13:06+00:00	15	1
2026-03-14T10:10:00+00:00	2026-03-14T10:10:00+00:00	15	1
2026-03-14T13:37:36+00:00	2026-03-14T14:04:13+00:00	26	3
